21,6,5,0
22,21,10,0
42,41.5,15,0
75.5,40,20,0
21,6,5,0
22,21,10,0
21,6,5,0
22,21,10,0
42,41.5,15,0
75.5,40,20,0
42,41.5,15,0
75.5,40,20,0
22,7,5,0.1
24,22,10,0.1
44,43,15,0.1
76,40,20,0.1
22,7,5,0.1
24,22,10,0.1
22,7,5,0.1
24,22,10,0.1
44,43,15,0.1
76,40,20,0.1
44,43,15,0.1
76,40,20,0.1
23,8,5,0.2
26,23,10,0.2
46,44.5,15,0.2
76.5,40,20,0.2
23,8,5,0.2
26,23,10,0.2
23,8,5,0.2
26,23,10,0.2
46,44.5,15,0.2
76.5,40,20,0.2
46,44.5,15,0.2
76.5,40,20,0.2
24,9,5,0.3
28,24,10,0.3
48,46,15,0.3
77,40,20,0.3
24,9,5,0.3
28,24,10,0.3
24,9,5,0.3
28,24,10,0.3
48,46,15,0.3
77,40,20,0.3
48,46,15,0.3
77,40,20,0.3
25,10,5,0.4
30,25,10,0.4
50,47.5,15,0.4
77.5,40,20,0.4
25,10,5,0.4
30,25,10,0.4
25,10,5,0.4
30,25,10,0.4
50,47.5,15,0.4
77.5,40,20,0.4
50,47.5,15,0.4
77.5,40,20,0.4
26,11,5,0.5
32,26,10,0.5
52,49,15,0.5
78,40,20,0.5
26,11,5,0.5
32,26,10,0.5
26,11,5,0.5
32,26,10,0.5
52,49,15,0.5
78,40,20,0.5
52,49,15,0.5
78,40,20,0.5
27,12,5,0.6
34,27,10,0.6
54,50.5,15,0.6
78.5,40,20,0.6
27,12,5,0.6
34,27,10,0.6
27,12,5,0.6
34,27,10,0.6
54,50.5,15,0.6
78.5,40,20,0.6
54,50.5,15,0.6
78.5,40,20,0.6
28,13,5,0.7
36,28,10,0.7
56,52,15,0.7
79,40,20,0.7
28,13,5,0.7
36,28,10,0.7
28,13,5,0.7
36,28,10,0.7
56,52,15,0.7
79,40,20,0.7
56,52,15,0.7
79,40,20,0.7
29,14,5,0.8
38,29,10,0.8
58,53.5,15,0.8
79.5,40,20,0.8
29,14,5,0.8
38,29,10,0.8
29,14,5,0.8
38,29,10,0.8
58,53.5,15,0.8
79.5,40,20,0.8
58,53.5,15,0.8
79.5,40,20,0.8
30,15,5,0.9
40,30,10,0.9
60,55,15,0.9
80,40,20,0.9
30,15,5,0.9
40,30,10,0.9
30,15,5,0.9
40,30,10,0.9
60,55,15,0.9
80,40,20,0.9
60,55,15,0.9
80,40,20,0.9
31,16,5,1
42,31,10,1
62,56.5,15,1
80.5,40,20,1
31,16,5,1
42,31,10,1
31,16,5,1
42,31,10,1
62,56.5,15,1
80.5,40,20,1
62,56.5,15,1
80.5,40,20,1
32,17,5,1.1
44,32,10,1.1
64,58,15,1.1
80,40,20,1.1
32,17,5,1.1
44,32,10,1.1
32,17,5,1.1
44,32,10,1.1
64,58,15,1.1
80,40,20,1.1
64,58,15,1.1
80,40,20,1.1
33,18,5,1.2
46,33,10,1.2
66,59.5,15,1.2
79.5,40,20,1.2
33,18,5,1.2
46,33,10,1.2
33,18,5,1.2
46,33,10,1.2
66,59.5,15,1.2
79.5,40,20,1.2
66,59.5,15,1.2
79.5,40,20,1.2
34,19,5,1.3
48,34,10,1.3
68,61,15,1.3
79,40,20,1.3
34,19,5,1.3
48,34,10,1.3
34,19,5,1.3
48,34,10,1.3
68,61,15,1.3
79,40,20,1.3
68,61,15,1.3
79,40,20,1.3
35,20,5,1.4
50,35,10,1.4
70,62.5,15,1.4
78.5,40,20,1.4
35,20,5,1.4
50,35,10,1.4
35,20,5,1.4
50,35,10,1.4
70,62.5,15,1.4
78.5,40,20,1.4
70,62.5,15,1.4
78.5,40,20,1.4
36,21,5,1.5
52,36,10,1.5
72,64,15,1.5
78,40,20,1.5
36,21,5,1.5
52,36,10,1.5
36,21,5,1.5
52,36,10,1.5
72,64,15,1.5
78,40,20,1.5
72,64,15,1.5
78,40,20,1.5
37,22,5,1.6
54,37,10,1.6
74,65.5,15,1.6
77.5,40,20,1.6
37,22,5,1.6
54,37,10,1.6
37,22,5,1.6
54,37,10,1.6
74,65.5,15,1.6
77.5,40,20,1.6
74,65.5,15,1.6
77.5,40,20,1.6
38,23,5,1.7
56,38,10,1.7
76,67,15,1.7
77,40,20,1.7
38,23,5,1.7
56,38,10,1.7
38,23,5,1.7
56,38,10,1.7
76,67,15,1.7
77,40,20,1.7
76,67,15,1.7
77,40,20,1.7
39,24,5,1.8
58,39,10,1.8
78,68.5,15,1.8
76.5,40,20,1.8
39,24,5,1.8
58,39,10,1.8
39,24,5,1.8
58,39,10,1.8
78,68.5,15,1.8
76.5,40,20,1.8
78,68.5,15,1.8
76.5,40,20,1.8
40,25,5,1.9
60,40,10,1.9
80,70,15,1.9
76,40,20,1.9
40,25,5,1.9
60,40,10,1.9
40,25,5,1.9
60,40,10,1.9
80,70,15,1.9
76,40,20,1.9
80,70,15,1.9
76,40,20,1.9
41,26,5,2
62,41,10,2
82,71.5,15,2
75.5,40,20,2
41,26,5,2
62,41,10,2
41,26,5,2
62,41,10,2
82,71.5,15,2
75.5,40,20,2
82,71.5,15,2
75.5,40,20,2
42,27,5,2.1
64,42,10,2.1
84,73,15,2.1
75,40,20,2.1
42,27,5,2.1
64,42,10,2.1
42,27,5,2.1
64,42,10,2.1
84,73,15,2.1
75,40,20,2.1
84,73,15,2.1
75,40,20,2.1
43,28,5,2.2
66,43,10,2.2
86,74.5,15,2.2
74.5,40,20,2.2
43,28,5,2.2
66,43,10,2.2
43,28,5,2.2
66,43,10,2.2
86,74.5,15,2.2
74.5,40,20,2.2
86,74.5,15,2.2
74.5,40,20,2.2
44,29,5,2.3
68,44,10,2.3
84,76,15,2.3
74,40,20,2.3
44,29,5,2.3
68,44,10,2.3
44,29,5,2.3
68,44,10,2.3
84,76,15,2.3
74,40,20,2.3
84,76,15,2.3
74,40,20,2.3
45,30,5,2.4
70,45,10,2.4
82,77.5,15,2.4
73.5,40,20,2.4
45,30,5,2.4
70,45,10,2.4
45,30,5,2.4
70,45,10,2.4
82,77.5,15,2.4
73.5,40,20,2.4
82,77.5,15,2.4
73.5,40,20,2.4
46,31,5,2.5
72,46,10,2.5
80,79,15,2.5
73,40,20,2.5
46,31,5,2.5
72,46,10,2.5
46,31,5,2.5
72,46,10,2.5
80,79,15,2.5
73,40,20,2.5
80,79,15,2.5
73,40,20,2.5
47,32,5,2.6
74,47,10,2.6
78,80.5,15,2.6
72.5,40,20,2.6
47,32,5,2.6
74,47,10,2.6
47,32,5,2.6
74,47,10,2.6
78,80.5,15,2.6
72.5,40,20,2.6
78,80.5,15,2.6
72.5,40,20,2.6
48,33,5,2.7
76,48,10,2.7
76,82,15,2.7
72,40,20,2.7
48,33,5,2.7
76,48,10,2.7
48,33,5,2.7
76,48,10,2.7
76,82,15,2.7
72,40,20,2.7
76,82,15,2.7
72,40,20,2.7
49,34,5,2.8
78,49,10,2.8
74,83.5,15,2.8
71.5,40,20,2.8
49,34,5,2.8
78,49,10,2.8
49,34,5,2.8
78,49,10,2.8
74,83.5,15,2.8
71.5,40,20,2.8
74,83.5,15,2.8
71.5,40,20,2.8
50,35,5,2.9
80,50,10,2.9
72,85,15,2.9
71,40,20,2.9
50,35,5,2.9
80,50,10,2.9
50,35,5,2.9
80,50,10,2.9
72,85,15,2.9
71,40,20,2.9
72,85,15,2.9
71,40,20,2.9
51,36,5,3
82,51,10,3
70,86.5,15,3
70.5,40,20,3
51,36,5,3
82,51,10,3
51,36,5,3
82,51,10,3
70,86.5,15,3
70.5,40,20,3
70,86.5,15,3
70.5,40,20,3
52,37,5,3.1
84,52,10,3.1
68,85,15,3.1
70,40,20,3.1
52,37,5,3.1
84,52,10,3.1
52,37,5,3.1
84,52,10,3.1
68,85,15,3.1
70,40,20,3.1
68,85,15,3.1
70,40,20,3.1
53,38,5,3.2
86,53,10,3.2
66,83.5,15,3.2
69.5,40,20,3.2
53,38,5,3.2
86,53,10,3.2
53,38,5,3.2
86,53,10,3.2
66,83.5,15,3.2
69.5,40,20,3.2
66,83.5,15,3.2
69.5,40,20,3.2
54,39,5,3.3
88,54,10,3.3
64,82,15,3.3
69,40,20,3.3
54,39,5,3.3
88,54,10,3.3
54,39,5,3.3
88,54,10,3.3
64,82,15,3.3
69,40,20,3.3
64,82,15,3.3
69,40,20,3.3
55,40,5,3.4
90,55,10,3.4
62,80.5,15,3.4
68.5,40,20,3.4
55,40,5,3.4
90,55,10,3.4
55,40,5,3.4
90,55,10,3.4
62,80.5,15,3.4
68.5,40,20,3.4
62,80.5,15,3.4
68.5,40,20,3.4
56,41,5,3.5
92,56,10,3.5
60,79,15,3.5
68,40,20,3.5
56,41,5,3.5
92,56,10,3.5
56,41,5,3.5
92,56,10,3.5
60,79,15,3.5
68,40,20,3.5
60,79,15,3.5
68,40,20,3.5
57,42,5,3.6
90,57,10,3.6
58,77.5,15,3.6
67.5,40,20,3.6
57,42,5,3.6
90,57,10,3.6
57,42,5,3.6
90,57,10,3.6
58,77.5,15,3.6
67.5,40,20,3.6
58,77.5,15,3.6
67.5,40,20,3.6
58,43,5,3.7
88,58,10,3.7
56,76,15,3.7
67,40,20,3.7
58,43,5,3.7
88,58,10,3.7
58,43,5,3.7
88,58,10,3.7
56,76,15,3.7
67,40,20,3.7
56,76,15,3.7
67,40,20,3.7
59,44,5,3.8
86,59,10,3.8
54,74.5,15,3.8
66.5,40,20,3.8
59,44,5,3.8
86,59,10,3.8
59,44,5,3.8
86,59,10,3.8
54,74.5,15,3.8
66.5,40,20,3.8
54,74.5,15,3.8
66.5,40,20,3.8
60,45,5,3.9
84,60,10,3.9
52,73,15,3.9
66,40,20,3.9
60,45,5,3.9
84,60,10,3.9
60,45,5,3.9
84,60,10,3.9
52,73,15,3.9
66,40,20,3.9
52,73,15,3.9
66,40,20,3.9
61,46,5,4
82,61,10,4
50,71.5,15,4
65.5,40,20,4
61,46,5,4
82,61,10,4
61,46,5,4
82,61,10,4
50,71.5,15,4
65.5,40,20,4
50,71.5,15,4
65.5,40,20,4
62,47,5,4.1
80,62,10,4.1
48,70,15,4.1
65,40,20,4.1
62,47,5,4.1
80,62,10,4.1
62,47,5,4.1
80,62,10,4.1
48,70,15,4.1
65,40,20,4.1
48,70,15,4.1
65,40,20,4.1
63,48,5,4.2
78,63,10,4.2
46,68.5,15,4.2
64.5,40,20,4.2
63,48,5,4.2
78,63,10,4.2
63,48,5,4.2
78,63,10,4.2
46,68.5,15,4.2
64.5,40,20,4.2
46,68.5,15,4.2
64.5,40,20,4.2
64,49,5,4.3
76,64,10,4.3
44,67,15,4.3
64,40,20,4.3
64,49,5,4.3
76,64,10,4.3
64,49,5,4.3
76,64,10,4.3
44,67,15,4.3
64,40,20,4.3
44,67,15,4.3
64,40,20,4.3
65,50,5,4.4
74,65,10,4.4
42,65.5,15,4.4
63.5,40,20,4.4
65,50,5,4.4
74,65,10,4.4
65,50,5,4.4
74,65,10,4.4
42,65.5,15,4.4
63.5,40,20,4.4
42,65.5,15,4.4
63.5,40,20,4.4
66,51,5,4.5
72,66,10,4.5
40,64,15,4.5
63,40,20,4.5
66,51,5,4.5
72,66,10,4.5
66,51,5,4.5
72,66,10,4.5
40,64,15,4.5
63,40,20,4.5
40,64,15,4.5
63,40,20,4.5
67,52,5,4.6
70,67,10,4.6
38,62.5,15,4.6
62.5,40,20,4.6
67,52,5,4.6
70,67,10,4.6
67,52,5,4.6
70,67,10,4.6
38,62.5,15,4.6
62.5,40,20,4.6
38,62.5,15,4.6
62.5,40,20,4.6
68,53,5,4.7
68,68,10,4.7
36,61,15,4.7
62,40,20,4.7
68,53,5,4.7
68,68,10,4.7
68,53,5,4.7
68,68,10,4.7
36,61,15,4.7
62,40,20,4.7
36,61,15,4.7
62,40,20,4.7
69,54,5,4.8
66,69,10,4.8
34,59.5,15,4.8
61.5,40,20,4.8
69,54,5,4.8
66,69,10,4.8
69,54,5,4.8
66,69,10,4.8
34,59.5,15,4.8
61.5,40,20,4.8
34,59.5,15,4.8
61.5,40,20,4.8
70,55,5,4.9
64,70,10,4.9
32,58,15,4.9
61,40,20,4.9
70,55,5,4.9
64,70,10,4.9
70,55,5,4.9
64,70,10,4.9
32,58,15,4.9
61,40,20,4.9
32,58,15,4.9
61,40,20,4.9
71,56,5,5
62,71,10,5
30,56.5,15,5
60.5,40,20,5
71,56,5,5
62,71,10,5
71,56,5,5
62,71,10,5
30,56.5,15,5
60.5,40,20,5
30,56.5,15,5
60.5,40,20,5
72,57,5,5.1
60,72,10,5.1
28,55,15,5.1
60,40,20,5.1
72,57,5,5.1
60,72,10,5.1
72,57,5,5.1
60,72,10,5.1
28,55,15,5.1
60,40,20,5.1
28,55,15,5.1
60,40,20,5.1
73,58,5,5.2
58,73,10,5.2
26,53.5,15,5.2
59.5,40,20,5.2
73,58,5,5.2
58,73,10,5.2
73,58,5,5.2
58,73,10,5.2
26,53.5,15,5.2
59.5,40,20,5.2
26,53.5,15,5.2
59.5,40,20,5.2
74,59,5,5.3
56,74,10,5.3
24,52,15,5.3
59,40,20,5.3
74,59,5,5.3
56,74,10,5.3
74,59,5,5.3
56,74,10,5.3
24,52,15,5.3
59,40,20,5.3
24,52,15,5.3
59,40,20,5.3
75,60,5,5.4
54,75,10,5.4
22,50.5,15,5.4
58.5,40,20,5.4
75,60,5,5.4
54,75,10,5.4
75,60,5,5.4
54,75,10,5.4
22,50.5,15,5.4
58.5,40,20,5.4
22,50.5,15,5.4
58.5,40,20,5.4
76,61,5,5.5
52,76,10,5.5
20,49,15,5.5
58,40,20,5.5
76,61,5,5.5
52,76,10,5.5
76,61,5,5.5
52,76,10,5.5
20,49,15,5.5
58,40,20,5.5
20,49,15,5.5
58,40,20,5.5
77,62,5,5.6
50,77,10,5.6
18,47.5,15,5.6
57.5,40,20,5.6
77,62,5,5.6
50,77,10,5.6
77,62,5,5.6
50,77,10,5.6
18,47.5,15,5.6
57.5,40,20,5.6
18,47.5,15,5.6
57.5,40,20,5.6
78,63,5,5.7
48,78,10,5.7
16,46,15,5.7
57,40,20,5.7
78,63,5,5.7
48,78,10,5.7
78,63,5,5.7
48,78,10,5.7
16,46,15,5.7
57,40,20,5.7
16,46,15,5.7
57,40,20,5.7
79,64,5,5.8
46,79,10,5.8
14,44.5,15,5.8
56.5,40,20,5.8
79,64,5,5.8
46,79,10,5.8
79,64,5,5.8
46,79,10,5.8
14,44.5,15,5.8
56.5,40,20,5.8
14,44.5,15,5.8
56.5,40,20,5.8
80,65,5,5.9
44,80,10,5.9
16,43,15,5.9
56,40,20,5.9
80,65,5,5.9
44,80,10,5.9
80,65,5,5.9
44,80,10,5.9
16,43,15,5.9
56,40,20,5.9
16,43,15,5.9
56,40,20,5.9
81,66,5,6
42,81,10,6
18,41.5,15,6
55.5,40,20,6
81,66,5,6
42,81,10,6
81,66,5,6
42,81,10,6
18,41.5,15,6
55.5,40,20,6
18,41.5,15,6
55.5,40,20,6
82,67,5,6.1
40,82,10,6.1
20,40,15,6.1
55,40,20,6.1
82,67,5,6.1
40,82,10,6.1
82,67,5,6.1
40,82,10,6.1
20,40,15,6.1
55,40,20,6.1
20,40,15,6.1
55,40,20,6.1
83,68,5,6.2
38,83,10,6.2
22,38.5,15,6.2
54.5,40,20,6.2
83,68,5,6.2
38,83,10,6.2
83,68,5,6.2
38,83,10,6.2
22,38.5,15,6.2
54.5,40,20,6.2
22,38.5,15,6.2
54.5,40,20,6.2
84,69,5,6.3
36,84,10,6.3
24,37,15,6.3
54,40,20,6.3
84,69,5,6.3
36,84,10,6.3
84,69,5,6.3
36,84,10,6.3
24,37,15,6.3
54,40,20,6.3
24,37,15,6.3
54,40,20,6.3
85,70,5,6.4
34,85,10,6.4
26,35.5,15,6.4
53.5,40,20,6.4
85,70,5,6.4
34,85,10,6.4
85,70,5,6.4
34,85,10,6.4
26,35.5,15,6.4
53.5,40,20,6.4
26,35.5,15,6.4
53.5,40,20,6.4
86,71,5,6.5
32,86,10,6.5
28,34,15,6.5
53,40,20,6.5
86,71,5,6.5
32,86,10,6.5
86,71,5,6.5
32,86,10,6.5
28,34,15,6.5
53,40,20,6.5
28,34,15,6.5
53,40,20,6.5
87,72,5,6.6
30,87,10,6.6
30,32.5,15,6.6
52.5,40,20,6.6
87,72,5,6.6
30,87,10,6.6
87,72,5,6.6
30,87,10,6.6
30,32.5,15,6.6
52.5,40,20,6.6
30,32.5,15,6.6
52.5,40,20,6.6
88,73,5,6.7
28,88,10,6.7
32,31,15,6.7
52,40,20,6.7
88,73,5,6.7
28,88,10,6.7
88,73,5,6.7
28,88,10,6.7
32,31,15,6.7
52,40,20,6.7
32,31,15,6.7
52,40,20,6.7
89,74,5,6.8
26,89,10,6.8
34,29.5,15,6.8
51.5,40,20,6.8
89,74,5,6.8
26,89,10,6.8
89,74,5,6.8
26,89,10,6.8
34,29.5,15,6.8
51.5,40,20,6.8
34,29.5,15,6.8
51.5,40,20,6.8
90,75,5,6.9
24,90,10,6.9
36,28,15,6.9
51,40,20,6.9
90,75,5,6.9
24,90,10,6.9
90,75,5,6.9
24,90,10,6.9
36,28,15,6.9
51,40,20,6.9
36,28,15,6.9
51,40,20,6.9
91,76,5,7
22,91,10,7
38,26.5,15,7
50.5,40,20,7
91,76,5,7
22,91,10,7
91,76,5,7
22,91,10,7
38,26.5,15,7
50.5,40,20,7
38,26.5,15,7
50.5,40,20,7
92,77,5,7.1
20,90,10,7.1
40,25,15,7.1
50,40,20,7.1
92,77,5,7.1
20,90,10,7.1
92,77,5,7.1
20,90,10,7.1
40,25,15,7.1
50,40,20,7.1
40,25,15,7.1
50,40,20,7.1
93,78,5,7.2
18,89,10,7.2
42,23.5,15,7.2
49.5,40,20,7.2
93,78,5,7.2
18,89,10,7.2
93,78,5,7.2
18,89,10,7.2
42,23.5,15,7.2
49.5,40,20,7.2
42,23.5,15,7.2
49.5,40,20,7.2
94,79,5,7.3
16,88,10,7.3
44,22,15,7.3
49,40,20,7.3
94,79,5,7.3
16,88,10,7.3
94,79,5,7.3
16,88,10,7.3
44,22,15,7.3
49,40,20,7.3
44,22,15,7.3
49,40,20,7.3
95,80,5,7.4
14,87,10,7.4
46,20.5,15,7.4
48.5,40,20,7.4
95,80,5,7.4
14,87,10,7.4
95,80,5,7.4
14,87,10,7.4
46,20.5,15,7.4
48.5,40,20,7.4
46,20.5,15,7.4
48.5,40,20,7.4
96,81,5,7.5
12,86,10,7.5
48,19,15,7.5
48,40,20,7.5
96,81,5,7.5
12,86,10,7.5
96,81,5,7.5
12,86,10,7.5
48,19,15,7.5
48,40,20,7.5
48,19,15,7.5
48,40,20,7.5
95,82,5,7.6
10,85,10,7.6
50,17.5,15,7.6
47.5,40,20,7.6
95,82,5,7.6
10,85,10,7.6
95,82,5,7.6
10,85,10,7.6
50,17.5,15,7.6
47.5,40,20,7.6
50,17.5,15,7.6
47.5,40,20,7.6
94,83,5,7.7
8,84,10,7.7
52,16,15,7.7
47,40,20,7.7
94,83,5,7.7
8,84,10,7.7
94,83,5,7.7
8,84,10,7.7
52,16,15,7.7
47,40,20,7.7
52,16,15,7.7
47,40,20,7.7
93,84,5,7.8
10,83,10,7.8
54,14.5,15,7.8
46.5,40,20,7.8
93,84,5,7.8
10,83,10,7.8
93,84,5,7.8
10,83,10,7.8
54,14.5,15,7.8
46.5,40,20,7.8
54,14.5,15,7.8
46.5,40,20,7.8
92,85,5,7.9
12,82,10,7.9
56,16,15,7.9
46,40,20,7.9
92,85,5,7.9
12,82,10,7.9
92,85,5,7.9
12,82,10,7.9
56,16,15,7.9
46,40,20,7.9
56,16,15,7.9
46,40,20,7.9
91,86,5,8
14,81,10,8
58,17.5,15,8
45.5,40,20,8
91,86,5,8
14,81,10,8
91,86,5,8
14,81,10,8
58,17.5,15,8
45.5,40,20,8
58,17.5,15,8
45.5,40,20,8
90,87,5,8.1
16,80,10,8.1
60,19,15,8.1
45,40,20,8.1
90,87,5,8.1
16,80,10,8.1
90,87,5,8.1
16,80,10,8.1
60,19,15,8.1
45,40,20,8.1
60,19,15,8.1
45,40,20,8.1
89,88,5,8.2
18,79,10,8.2
62,20.5,15,8.2
44.5,40,20,8.2
89,88,5,8.2
18,79,10,8.2
89,88,5,8.2
18,79,10,8.2
62,20.5,15,8.2
44.5,40,20,8.2
62,20.5,15,8.2
44.5,40,20,8.2
88,89,5,8.3
20,78,10,8.3
64,22,15,8.3
44,40,20,8.3
88,89,5,8.3
20,78,10,8.3
88,89,5,8.3
20,78,10,8.3
64,22,15,8.3
44,40,20,8.3
64,22,15,8.3
44,40,20,8.3
87,90,5,8.4
22,77,10,8.4
66,23.5,15,8.4
43.5,40,20,8.4
87,90,5,8.4
22,77,10,8.4
87,90,5,8.4
22,77,10,8.4
66,23.5,15,8.4
43.5,40,20,8.4
66,23.5,15,8.4
43.5,40,20,8.4
86,91,5,8.5
24,76,10,8.5
68,25,15,8.5
43,40,20,8.5
86,91,5,8.5
24,76,10,8.5
86,91,5,8.5
24,76,10,8.5
68,25,15,8.5
43,40,20,8.5
68,25,15,8.5
43,40,20,8.5
85,92,5,8.6
26,75,10,8.6
70,26.5,15,8.6
42.5,40,20,8.6
85,92,5,8.6
26,75,10,8.6
85,92,5,8.6
26,75,10,8.6
70,26.5,15,8.6
42.5,40,20,8.6
70,26.5,15,8.6
42.5,40,20,8.6
84,93,5,8.7
28,74,10,8.7
72,28,15,8.7
42,40,20,8.7
84,93,5,8.7
28,74,10,8.7
84,93,5,8.7
28,74,10,8.7
72,28,15,8.7
42,40,20,8.7
72,28,15,8.7
42,40,20,8.7
83,94,5,8.8
30,73,10,8.8
74,29.5,15,8.8
41.5,40,20,8.8
83,94,5,8.8
30,73,10,8.8
83,94,5,8.8
30,73,10,8.8
74,29.5,15,8.8
41.5,40,20,8.8
74,29.5,15,8.8
41.5,40,20,8.8
82,95,5,8.9
32,72,10,8.9
76,31,15,8.9
41,40,20,8.9
82,95,5,8.9
32,72,10,8.9
82,95,5,8.9
32,72,10,8.9
76,31,15,8.9
41,40,20,8.9
76,31,15,8.9
41,40,20,8.9
81,96,5,9
34,71,10,9
78,32.5,15,9
40.5,40,20,9
81,96,5,9
34,71,10,9
81,96,5,9
34,71,10,9
78,32.5,15,9
40.5,40,20,9
78,32.5,15,9
40.5,40,20,9
80,95,5,9.1
36,70,10,9.1
80,34,15,9.1
40,40,20,9.1
80,95,5,9.1
36,70,10,9.1
80,95,5,9.1
36,70,10,9.1
80,34,15,9.1
40,40,20,9.1
80,34,15,9.1
40,40,20,9.1
79,94,5,9.2
38,69,10,9.2
82,35.5,15,9.2
39.5,40,20,9.2
79,94,5,9.2
38,69,10,9.2
79,94,5,9.2
38,69,10,9.2
82,35.5,15,9.2
39.5,40,20,9.2
82,35.5,15,9.2
39.5,40,20,9.2
78,93,5,9.3
40,68,10,9.3
84,37,15,9.3
39,40,20,9.3
78,93,5,9.3
40,68,10,9.3
78,93,5,9.3
40,68,10,9.3
84,37,15,9.3
39,40,20,9.3
84,37,15,9.3
39,40,20,9.3
77,92,5,9.4
42,67,10,9.4
86,38.5,15,9.4
38.5,40,20,9.4
77,92,5,9.4
42,67,10,9.4
77,92,5,9.4
42,67,10,9.4
86,38.5,15,9.4
38.5,40,20,9.4
86,38.5,15,9.4
38.5,40,20,9.4
76,91,5,9.5
44,66,10,9.5
84,40,15,9.5
38,40,20,9.5
76,91,5,9.5
44,66,10,9.5
76,91,5,9.5
44,66,10,9.5
84,40,15,9.5
38,40,20,9.5
84,40,15,9.5
38,40,20,9.5
75,90,5,9.6
46,65,10,9.6
82,41.5,15,9.6
37.5,40,20,9.6
75,90,5,9.6
46,65,10,9.6
75,90,5,9.6
46,65,10,9.6
82,41.5,15,9.6
37.5,40,20,9.6
82,41.5,15,9.6
37.5,40,20,9.6
74,89,5,9.7
48,64,10,9.7
80,43,15,9.7
37,40,20,9.7
74,89,5,9.7
48,64,10,9.7
74,89,5,9.7
48,64,10,9.7
80,43,15,9.7
37,40,20,9.7
80,43,15,9.7
37,40,20,9.7
73,88,5,9.8
50,63,10,9.8
78,44.5,15,9.8
36.5,40,20,9.8
73,88,5,9.8
50,63,10,9.8
73,88,5,9.8
50,63,10,9.8
78,44.5,15,9.8
36.5,40,20,9.8
78,44.5,15,9.8
36.5,40,20,9.8
72,87,5,9.9
52,62,10,9.9
76,46,15,9.9
36,40,20,9.9
72,87,5,9.9
52,62,10,9.9
72,87,5,9.9
52,62,10,9.9
76,46,15,9.9
36,40,20,9.9
76,46,15,9.9
36,40,20,9.9
71,86,5,10
54,61,10,10
74,47.5,15,10
35.5,40,20,10
71,86,5,10
54,61,10,10
71,86,5,10
54,61,10,10
74,47.5,15,10
35.5,40,20,10
74,47.5,15,10
35.5,40,20,10
70,85,5,10.1
56,60,10,10.1
72,49,15,10.1
35,40,20,10.1
70,85,5,10.1
56,60,10,10.1
70,85,5,10.1
56,60,10,10.1
72,49,15,10.1
35,40,20,10.1
72,49,15,10.1
35,40,20,10.1
69,84,5,10.2
58,59,10,10.2
70,50.5,15,10.2
34.5,40,20,10.2
69,84,5,10.2
58,59,10,10.2
69,84,5,10.2
58,59,10,10.2
70,50.5,15,10.2
34.5,40,20,10.2
70,50.5,15,10.2
34.5,40,20,10.2
68,83,5,10.3
60,58,10,10.3
68,52,15,10.3
34,40,20,10.3
68,83,5,10.3
60,58,10,10.3
68,83,5,10.3
60,58,10,10.3
68,52,15,10.3
34,40,20,10.3
68,52,15,10.3
34,40,20,10.3
67,82,5,10.4
62,57,10,10.4
66,53.5,15,10.4
33.5,40,20,10.4
67,82,5,10.4
62,57,10,10.4
67,82,5,10.4
62,57,10,10.4
66,53.5,15,10.4
33.5,40,20,10.4
66,53.5,15,10.4
33.5,40,20,10.4
66,81,5,10.5
64,56,10,10.5
64,55,15,10.5
33,40,20,10.5
66,81,5,10.5
64,56,10,10.5
66,81,5,10.5
64,56,10,10.5
64,55,15,10.5
33,40,20,10.5
64,55,15,10.5
33,40,20,10.5
65,80,5,10.6
66,55,10,10.6
62,56.5,15,10.6
32.5,40,20,10.6
65,80,5,10.6
66,55,10,10.6
65,80,5,10.6
66,55,10,10.6
62,56.5,15,10.6
32.5,40,20,10.6
62,56.5,15,10.6
32.5,40,20,10.6
64,79,5,10.7
68,54,10,10.7
60,58,15,10.7
32,40,20,10.7
64,79,5,10.7
68,54,10,10.7
64,79,5,10.7
68,54,10,10.7
60,58,15,10.7
32,40,20,10.7
60,58,15,10.7
32,40,20,10.7
63,78,5,10.8
70,53,10,10.8
58,59.5,15,10.8
31.5,40,20,10.8
63,78,5,10.8
70,53,10,10.8
63,78,5,10.8
70,53,10,10.8
58,59.5,15,10.8
31.5,40,20,10.8
58,59.5,15,10.8
31.5,40,20,10.8
62,77,5,10.9
72,52,10,10.9
56,61,15,10.9
31,40,20,10.9
62,77,5,10.9
72,52,10,10.9
62,77,5,10.9
72,52,10,10.9
56,61,15,10.9
31,40,20,10.9
56,61,15,10.9
31,40,20,10.9
61,76,5,11
74,51,10,11
54,62.5,15,11
30.5,40,20,11
61,76,5,11
74,51,10,11
61,76,5,11
74,51,10,11
54,62.5,15,11
30.5,40,20,11
54,62.5,15,11
30.5,40,20,11
60,75,5,11.1
76,50,10,11.1
52,64,15,11.1
30,40,20,11.1
60,75,5,11.1
76,50,10,11.1
60,75,5,11.1
76,50,10,11.1
52,64,15,11.1
30,40,20,11.1
52,64,15,11.1
30,40,20,11.1
59,74,5,11.2
78,49,10,11.2
50,65.5,15,11.2
29.5,40,20,11.2
59,74,5,11.2
78,49,10,11.2
59,74,5,11.2
78,49,10,11.2
50,65.5,15,11.2
29.5,40,20,11.2
50,65.5,15,11.2
29.5,40,20,11.2
58,73,5,11.3
80,48,10,11.3
48,67,15,11.3
29,40,20,11.3
58,73,5,11.3
80,48,10,11.3
58,73,5,11.3
80,48,10,11.3
48,67,15,11.3
29,40,20,11.3
48,67,15,11.3
29,40,20,11.3
57,72,5,11.4
82,47,10,11.4
46,68.5,15,11.4
28.5,40,20,11.4
57,72,5,11.4
82,47,10,11.4
57,72,5,11.4
82,47,10,11.4
46,68.5,15,11.4
28.5,40,20,11.4
46,68.5,15,11.4
28.5,40,20,11.4
56,71,5,11.5
84,46,10,11.5
44,70,15,11.5
28,40,20,11.5
56,71,5,11.5
84,46,10,11.5
56,71,5,11.5
84,46,10,11.5
44,70,15,11.5
28,40,20,11.5
44,70,15,11.5
28,40,20,11.5
55,70,5,11.6
86,45,10,11.6
42,71.5,15,11.6
27.5,40,20,11.6
55,70,5,11.6
86,45,10,11.6
55,70,5,11.6
86,45,10,11.6
42,71.5,15,11.6
27.5,40,20,11.6
42,71.5,15,11.6
27.5,40,20,11.6
54,69,5,11.7
88,44,10,11.7
40,73,15,11.7
27,40,20,11.7
54,69,5,11.7
88,44,10,11.7
54,69,5,11.7
88,44,10,11.7
40,73,15,11.7
27,40,20,11.7
40,73,15,11.7
27,40,20,11.7
53,68,5,11.8
90,43,10,11.8
38,74.5,15,11.8
26.5,40,20,11.8
53,68,5,11.8
90,43,10,11.8
53,68,5,11.8
90,43,10,11.8
38,74.5,15,11.8
26.5,40,20,11.8
38,74.5,15,11.8
26.5,40,20,11.8
52,67,5,11.9
92,42,10,11.9
36,76,15,11.9
26,40,20,11.9
52,67,5,11.9
92,42,10,11.9
52,67,5,11.9
92,42,10,11.9
36,76,15,11.9
26,40,20,11.9
36,76,15,11.9
26,40,20,11.9
51,66,5,12
90,41,10,12
34,77.5,15,12
25.5,40,20,12
51,66,5,12
90,41,10,12
51,66,5,12
90,41,10,12
34,77.5,15,12
25.5,40,20,12
34,77.5,15,12
25.5,40,20,12
50,65,5,12.1
88,40,10,12.1
32,79,15,12.1
25,40,20,12.1
50,65,5,12.1
88,40,10,12.1
50,65,5,12.1
88,40,10,12.1
32,79,15,12.1
25,40,20,12.1
32,79,15,12.1
25,40,20,12.1
49,64,5,12.2
86,39,10,12.2
30,80.5,15,12.2
24.5,40,20,12.2
49,64,5,12.2
86,39,10,12.2
49,64,5,12.2
86,39,10,12.2
30,80.5,15,12.2
24.5,40,20,12.2
30,80.5,15,12.2
24.5,40,20,12.2
48,63,5,12.3
84,38,10,12.3
28,82,15,12.3
24,40,20,12.3
48,63,5,12.3
84,38,10,12.3
48,63,5,12.3
84,38,10,12.3
28,82,15,12.3
24,40,20,12.3
28,82,15,12.3
24,40,20,12.3
47,62,5,12.4
82,37,10,12.4
26,83.5,15,12.4
23.5,40,20,12.4
47,62,5,12.4
82,37,10,12.4
47,62,5,12.4
82,37,10,12.4
26,83.5,15,12.4
23.5,40,20,12.4
26,83.5,15,12.4
23.5,40,20,12.4
46,61,5,12.5
80,36,10,12.5
24,85,15,12.5
23,40,20,12.5
46,61,5,12.5
80,36,10,12.5
46,61,5,12.5
80,36,10,12.5
24,85,15,12.5
23,40,20,12.5
24,85,15,12.5
23,40,20,12.5
45,60,5,12.6
78,35,10,12.6
22,86.5,15,12.6
22.5,40,20,12.6
45,60,5,12.6
78,35,10,12.6
45,60,5,12.6
78,35,10,12.6
22,86.5,15,12.6
22.5,40,20,12.6
22,86.5,15,12.6
22.5,40,20,12.6
44,59,5,12.7
76,34,10,12.7
20,85,15,12.7
22,40,20,12.7
44,59,5,12.7
76,34,10,12.7
44,59,5,12.7
76,34,10,12.7
20,85,15,12.7
22,40,20,12.7
20,85,15,12.7
22,40,20,12.7
43,58,5,12.8
74,33,10,12.8
18,83.5,15,12.8
21.5,40,20,12.8
43,58,5,12.8
74,33,10,12.8
43,58,5,12.8
74,33,10,12.8
18,83.5,15,12.8
21.5,40,20,12.8
18,83.5,15,12.8
21.5,40,20,12.8
42,57,5,12.9
72,32,10,12.9
16,82,15,12.9
21,40,20,12.9
42,57,5,12.9
72,32,10,12.9
42,57,5,12.9
72,32,10,12.9
16,82,15,12.9
21,40,20,12.9
16,82,15,12.9
21,40,20,12.9
41,56,5,13
70,31,10,13
14,80.5,15,13
20.5,40,20,13
41,56,5,13
70,31,10,13
41,56,5,13
70,31,10,13
14,80.5,15,13
20.5,40,20,13
14,80.5,15,13
20.5,40,20,13
40,55,5,13.1
68,30,10,13.1
16,79,15,13.1
20,40,20,13.1
40,55,5,13.1
68,30,10,13.1
40,55,5,13.1
68,30,10,13.1
16,79,15,13.1
20,40,20,13.1
16,79,15,13.1
20,40,20,13.1
39,54,5,13.2
66,29,10,13.2
18,77.5,15,13.2
19.5,40,20,13.2
39,54,5,13.2
66,29,10,13.2
39,54,5,13.2
66,29,10,13.2
18,77.5,15,13.2
19.5,40,20,13.2
18,77.5,15,13.2
19.5,40,20,13.2
38,53,5,13.3
64,28,10,13.3
20,76,15,13.3
20,40,20,13.3
38,53,5,13.3
64,28,10,13.3
38,53,5,13.3
64,28,10,13.3
20,76,15,13.3
20,40,20,13.3
20,76,15,13.3
20,40,20,13.3
37,52,5,13.4
62,27,10,13.4
22,74.5,15,13.4
20.5,40,20,13.4
37,52,5,13.4
62,27,10,13.4
37,52,5,13.4
62,27,10,13.4
22,74.5,15,13.4
20.5,40,20,13.4
22,74.5,15,13.4
20.5,40,20,13.4
36,51,5,13.5
60,26,10,13.5
24,73,15,13.5
21,40,20,13.5
36,51,5,13.5
60,26,10,13.5
36,51,5,13.5
60,26,10,13.5
24,73,15,13.5
21,40,20,13.5
24,73,15,13.5
21,40,20,13.5
35,50,5,13.6
58,25,10,13.6
26,71.5,15,13.6
21.5,40,20,13.6
35,50,5,13.6
58,25,10,13.6
35,50,5,13.6
58,25,10,13.6
26,71.5,15,13.6
21.5,40,20,13.6
26,71.5,15,13.6
21.5,40,20,13.6
34,49,5,13.7
56,24,10,13.7
28,70,15,13.7
22,40,20,13.7
34,49,5,13.7
56,24,10,13.7
34,49,5,13.7
56,24,10,13.7
28,70,15,13.7
22,40,20,13.7
28,70,15,13.7
22,40,20,13.7
33,48,5,13.8
54,23,10,13.8
30,68.5,15,13.8
22.5,40,20,13.8
33,48,5,13.8
54,23,10,13.8
33,48,5,13.8
54,23,10,13.8
30,68.5,15,13.8
22.5,40,20,13.8
30,68.5,15,13.8
22.5,40,20,13.8
32,47,5,13.9
52,22,10,13.9
32,67,15,13.9
23,40,20,13.9
32,47,5,13.9
52,22,10,13.9
32,47,5,13.9
52,22,10,13.9
32,67,15,13.9
23,40,20,13.9
32,67,15,13.9
23,40,20,13.9
31,46,5,14
50,21,10,14
34,65.5,15,14
23.5,40,20,14
31,46,5,14
50,21,10,14
31,46,5,14
50,21,10,14
34,65.5,15,14
23.5,40,20,14
34,65.5,15,14
23.5,40,20,14
30,45,5,14.1
48,20,10,14.1
36,64,15,14.1
24,40,20,14.1
30,45,5,14.1
48,20,10,14.1
30,45,5,14.1
48,20,10,14.1
36,64,15,14.1
24,40,20,14.1
36,64,15,14.1
24,40,20,14.1
29,44,5,14.2
46,19,10,14.2
38,62.5,15,14.2
24.5,40,20,14.2
29,44,5,14.2
46,19,10,14.2
29,44,5,14.2
46,19,10,14.2
38,62.5,15,14.2
24.5,40,20,14.2
38,62.5,15,14.2
24.5,40,20,14.2
28,43,5,14.3
44,18,10,14.3
40,61,15,14.3
25,40,20,14.3
28,43,5,14.3
44,18,10,14.3
28,43,5,14.3
44,18,10,14.3
40,61,15,14.3
25,40,20,14.3
40,61,15,14.3
25,40,20,14.3
27,42,5,14.4
42,17,10,14.4
42,59.5,15,14.4
25.5,40,20,14.4
27,42,5,14.4
42,17,10,14.4
27,42,5,14.4
42,17,10,14.4
42,59.5,15,14.4
25.5,40,20,14.4
42,59.5,15,14.4
25.5,40,20,14.4
26,41,5,14.5
40,16,10,14.5
44,58,15,14.5
26,40,20,14.5
26,41,5,14.5
40,16,10,14.5
26,41,5,14.5
40,16,10,14.5
44,58,15,14.5
26,40,20,14.5
44,58,15,14.5
26,40,20,14.5
25,40,5,14.6
38,15,10,14.6
46,56.5,15,14.6
26.5,40,20,14.6
25,40,5,14.6
38,15,10,14.6
25,40,5,14.6
38,15,10,14.6
46,56.5,15,14.6
26.5,40,20,14.6
46,56.5,15,14.6
26.5,40,20,14.6
24,39,5,14.7
36,14,10,14.7
48,55,15,14.7
27,40,20,14.7
24,39,5,14.7
36,14,10,14.7
24,39,5,14.7
36,14,10,14.7
48,55,15,14.7
27,40,20,14.7
48,55,15,14.7
27,40,20,14.7
23,38,5,14.8
34,13,10,14.8
50,53.5,15,14.8
27.5,40,20,14.8
23,38,5,14.8
34,13,10,14.8
23,38,5,14.8
34,13,10,14.8
50,53.5,15,14.8
27.5,40,20,14.8
50,53.5,15,14.8
27.5,40,20,14.8
22,37,5,14.9
32,12,10,14.9
52,52,15,14.9
28,40,20,14.9
22,37,5,14.9
32,12,10,14.9
22,37,5,14.9
32,12,10,14.9
52,52,15,14.9
28,40,20,14.9
52,52,15,14.9
28,40,20,14.9
21,36,5,15
30,11,10,15
54,50.5,15,15
28.5,40,20,15
21,36,5,15
30,11,10,15
21,36,5,15
30,11,10,15
54,50.5,15,15
28.5,40,20,15
54,50.5,15,15
28.5,40,20,15
20,35,5,15.1
28,10,10,15.1
56,49,15,15.1
29,40,20,15.1
20,35,5,15.1
28,10,10,15.1
20,35,5,15.1
28,10,10,15.1
56,49,15,15.1
29,40,20,15.1
56,49,15,15.1
29,40,20,15.1
19,34,5,15.2
26,9,10,15.2
58,47.5,15,15.2
29.5,40,20,15.2
19,34,5,15.2
26,9,10,15.2
19,34,5,15.2
26,9,10,15.2
58,47.5,15,15.2
29.5,40,20,15.2
58,47.5,15,15.2
29.5,40,20,15.2
18,33,5,15.3
24,10,10,15.3
60,46,15,15.3
30,40,20,15.3
18,33,5,15.3
24,10,10,15.3
18,33,5,15.3
24,10,10,15.3
60,46,15,15.3
30,40,20,15.3
60,46,15,15.3
30,40,20,15.3
17,32,5,15.4
22,11,10,15.4
62,44.5,15,15.4
30.5,40,20,15.4
17,32,5,15.4
22,11,10,15.4
17,32,5,15.4
22,11,10,15.4
62,44.5,15,15.4
30.5,40,20,15.4
62,44.5,15,15.4
30.5,40,20,15.4
16,31,5,15.5
20,12,10,15.5
64,43,15,15.5
31,40,20,15.5
16,31,5,15.5
20,12,10,15.5
16,31,5,15.5
20,12,10,15.5
64,43,15,15.5
31,40,20,15.5
64,43,15,15.5
31,40,20,15.5
15,30,5,15.6
18,13,10,15.6
66,41.5,15,15.6
31.5,40,20,15.6
15,30,5,15.6
18,13,10,15.6
15,30,5,15.6
18,13,10,15.6
66,41.5,15,15.6
31.5,40,20,15.6
66,41.5,15,15.6
31.5,40,20,15.6
14,29,5,15.7
16,14,10,15.7
68,40,15,15.7
32,40,20,15.7
14,29,5,15.7
16,14,10,15.7
14,29,5,15.7
16,14,10,15.7
68,40,15,15.7
32,40,20,15.7
68,40,15,15.7
32,40,20,15.7
13,28,5,15.8
14,15,10,15.8
70,38.5,15,15.8
32.5,40,20,15.8
13,28,5,15.8
14,15,10,15.8
13,28,5,15.8
14,15,10,15.8
70,38.5,15,15.8
32.5,40,20,15.8
70,38.5,15,15.8
32.5,40,20,15.8
12,27,5,15.9
12,16,10,15.9
72,37,15,15.9
33,40,20,15.9
12,27,5,15.9
12,16,10,15.9
12,27,5,15.9
12,16,10,15.9
72,37,15,15.9
33,40,20,15.9
72,37,15,15.9
33,40,20,15.9
11,26,5,16
10,17,10,16
74,35.5,15,16
33.5,40,20,16
11,26,5,16
10,17,10,16
11,26,5,16
10,17,10,16
74,35.5,15,16
33.5,40,20,16
74,35.5,15,16
33.5,40,20,16
10,25,5,16.1
8,18,10,16.1
76,34,15,16.1
34,40,20,16.1
10,25,5,16.1
8,18,10,16.1
10,25,5,16.1
8,18,10,16.1
76,34,15,16.1
34,40,20,16.1
76,34,15,16.1
34,40,20,16.1
9,24,5,16.2
10,19,10,16.2
78,32.5,15,16.2
34.5,40,20,16.2
9,24,5,16.2
10,19,10,16.2
9,24,5,16.2
10,19,10,16.2
78,32.5,15,16.2
34.5,40,20,16.2
78,32.5,15,16.2
34.5,40,20,16.2
8,23,5,16.3
12,20,10,16.3
80,31,15,16.3
35,40,20,16.3
8,23,5,16.3
12,20,10,16.3
8,23,5,16.3
12,20,10,16.3
80,31,15,16.3
35,40,20,16.3
80,31,15,16.3
35,40,20,16.3
7,22,5,16.4
14,21,10,16.4
82,29.5,15,16.4
35.5,40,20,16.4
7,22,5,16.4
14,21,10,16.4
7,22,5,16.4
14,21,10,16.4
82,29.5,15,16.4
35.5,40,20,16.4
82,29.5,15,16.4
35.5,40,20,16.4
6,21,5,16.5
16,22,10,16.5
84,28,15,16.5
36,40,20,16.5
6,21,5,16.5
16,22,10,16.5
6,21,5,16.5
16,22,10,16.5
84,28,15,16.5
36,40,20,16.5
84,28,15,16.5
36,40,20,16.5
5,20,5,16.6
18,23,10,16.6
86,26.5,15,16.6
36.5,40,20,16.6
5,20,5,16.6
18,23,10,16.6
5,20,5,16.6
18,23,10,16.6
86,26.5,15,16.6
36.5,40,20,16.6
86,26.5,15,16.6
36.5,40,20,16.6
4,19,5,16.7
20,24,10,16.7
84,25,15,16.7
37,40,20,16.7
4,19,5,16.7
20,24,10,16.7
4,19,5,16.7
20,24,10,16.7
84,25,15,16.7
37,40,20,16.7
84,25,15,16.7
37,40,20,16.7
5,18,5,16.8
22,25,10,16.8
82,23.5,15,16.8
37.5,40,20,16.8
5,18,5,16.8
22,25,10,16.8
5,18,5,16.8
22,25,10,16.8
82,23.5,15,16.8
37.5,40,20,16.8
82,23.5,15,16.8
37.5,40,20,16.8
6,17,5,16.9
24,26,10,16.9
80,22,15,16.9
38,40,20,16.9
6,17,5,16.9
24,26,10,16.9
6,17,5,16.9
24,26,10,16.9
80,22,15,16.9
38,40,20,16.9
80,22,15,16.9
38,40,20,16.9
7,16,5,17
26,27,10,17
78,20.5,15,17
38.5,40,20,17
7,16,5,17
26,27,10,17
7,16,5,17
26,27,10,17
78,20.5,15,17
38.5,40,20,17
78,20.5,15,17
38.5,40,20,17
8,15,5,17.1
28,28,10,17.1
76,19,15,17.1
39,40,20,17.1
8,15,5,17.1
28,28,10,17.1
8,15,5,17.1
28,28,10,17.1
76,19,15,17.1
39,40,20,17.1
76,19,15,17.1
39,40,20,17.1
9,14,5,17.2
30,29,10,17.2
74,17.5,15,17.2
39.5,40,20,17.2
9,14,5,17.2
30,29,10,17.2
9,14,5,17.2
30,29,10,17.2
74,17.5,15,17.2
39.5,40,20,17.2
74,17.5,15,17.2
39.5,40,20,17.2
10,13,5,17.3
32,30,10,17.3
72,16,15,17.3
40,40,20,17.3
10,13,5,17.3
32,30,10,17.3
10,13,5,17.3
32,30,10,17.3
72,16,15,17.3
40,40,20,17.3
72,16,15,17.3
40,40,20,17.3
11,12,5,17.4
34,31,10,17.4
70,14.5,15,17.4
40.5,40,20,17.4
11,12,5,17.4
34,31,10,17.4
11,12,5,17.4
34,31,10,17.4
70,14.5,15,17.4
40.5,40,20,17.4
70,14.5,15,17.4
40.5,40,20,17.4
12,11,5,17.5
36,32,10,17.5
68,16,15,17.5
41,40,20,17.5
12,11,5,17.5
36,32,10,17.5
12,11,5,17.5
36,32,10,17.5
68,16,15,17.5
41,40,20,17.5
68,16,15,17.5
41,40,20,17.5
13,10,5,17.6
38,33,10,17.6
66,17.5,15,17.6
41.5,40,20,17.6
13,10,5,17.6
38,33,10,17.6
13,10,5,17.6
38,33,10,17.6
66,17.5,15,17.6
41.5,40,20,17.6
66,17.5,15,17.6
41.5,40,20,17.6
14,9,5,17.7
40,34,10,17.7
64,19,15,17.7
42,40,20,17.7
14,9,5,17.7
40,34,10,17.7
14,9,5,17.7
40,34,10,17.7
64,19,15,17.7
42,40,20,17.7
64,19,15,17.7
42,40,20,17.7
15,8,5,17.8
42,35,10,17.8
62,20.5,15,17.8
42.5,40,20,17.8
15,8,5,17.8
42,35,10,17.8
15,8,5,17.8
42,35,10,17.8
62,20.5,15,17.8
42.5,40,20,17.8
62,20.5,15,17.8
42.5,40,20,17.8
16,7,5,17.9
44,36,10,17.9
60,22,15,17.9
43,40,20,17.9
16,7,5,17.9
44,36,10,17.9
16,7,5,17.9
44,36,10,17.9
60,22,15,17.9
43,40,20,17.9
60,22,15,17.9
43,40,20,17.9
17,6,5,18
46,37,10,18
58,23.5,15,18
43.5,40,20,18
17,6,5,18
46,37,10,18
17,6,5,18
46,37,10,18
58,23.5,15,18
43.5,40,20,18
58,23.5,15,18
43.5,40,20,18
18,5,5,18.1
48,38,10,18.1
56,25,15,18.1
44,40,20,18.1
18,5,5,18.1
48,38,10,18.1
18,5,5,18.1
48,38,10,18.1
56,25,15,18.1
44,40,20,18.1
56,25,15,18.1
44,40,20,18.1
19,4,5,18.2
50,39,10,18.2
54,26.5,15,18.2
44.5,40,20,18.2
19,4,5,18.2
50,39,10,18.2
19,4,5,18.2
50,39,10,18.2
54,26.5,15,18.2
44.5,40,20,18.2
54,26.5,15,18.2
44.5,40,20,18.2
20,5,5,18.3
52,40,10,18.3
52,28,15,18.3
45,40,20,18.3
20,5,5,18.3
52,40,10,18.3
20,5,5,18.3
52,40,10,18.3
52,28,15,18.3
45,40,20,18.3
52,28,15,18.3
45,40,20,18.3
21,6,5,18.4
54,41,10,18.4
50,29.5,15,18.4
45.5,40,20,18.4
21,6,5,18.4
54,41,10,18.4
21,6,5,18.4
54,41,10,18.4
50,29.5,15,18.4
45.5,40,20,18.4
50,29.5,15,18.4
45.5,40,20,18.4
22,7,5,18.5
56,42,10,18.5
48,31,15,18.5
46,40,20,18.5
22,7,5,18.5
56,42,10,18.5
22,7,5,18.5
56,42,10,18.5
48,31,15,18.5
46,40,20,18.5
48,31,15,18.5
46,40,20,18.5
23,8,5,18.6
58,43,10,18.6
46,32.5,15,18.6
46.5,40,20,18.6
23,8,5,18.6
58,43,10,18.6
23,8,5,18.6
58,43,10,18.6
46,32.5,15,18.6
46.5,40,20,18.6
46,32.5,15,18.6
46.5,40,20,18.6
24,9,5,18.7
60,44,10,18.7
44,34,15,18.7
47,40,20,18.7
24,9,5,18.7
60,44,10,18.7
24,9,5,18.7
60,44,10,18.7
44,34,15,18.7
47,40,20,18.7
44,34,15,18.7
47,40,20,18.7
25,10,5,18.8
62,45,10,18.8
42,35.5,15,18.8
47.5,40,20,18.8
25,10,5,18.8
62,45,10,18.8
25,10,5,18.8
62,45,10,18.8
42,35.5,15,18.8
47.5,40,20,18.8
42,35.5,15,18.8
47.5,40,20,18.8
26,11,5,18.9
64,46,10,18.9
40,37,15,18.9
48,40,20,18.9
26,11,5,18.9
64,46,10,18.9
26,11,5,18.9
64,46,10,18.9
40,37,15,18.9
48,40,20,18.9
40,37,15,18.9
48,40,20,18.9
27,12,5,19
66,47,10,19
38,38.5,15,19
48.5,40,20,19
27,12,5,19
66,47,10,19
27,12,5,19
66,47,10,19
38,38.5,15,19
48.5,40,20,19
38,38.5,15,19
48.5,40,20,19
28,13,5,19.1
68,48,10,19.1
36,40,15,19.1
49,40,20,19.1
28,13,5,19.1
68,48,10,19.1
28,13,5,19.1
68,48,10,19.1
36,40,15,19.1
49,40,20,19.1
36,40,15,19.1
49,40,20,19.1
29,14,5,19.2
70,49,10,19.2
34,41.5,15,19.2
49.5,40,20,19.2
29,14,5,19.2
70,49,10,19.2
29,14,5,19.2
70,49,10,19.2
34,41.5,15,19.2
49.5,40,20,19.2
34,41.5,15,19.2
49.5,40,20,19.2
30,15,5,19.3
72,50,10,19.3
32,43,15,19.3
50,40,20,19.3
30,15,5,19.3
72,50,10,19.3
30,15,5,19.3
72,50,10,19.3
32,43,15,19.3
50,40,20,19.3
32,43,15,19.3
50,40,20,19.3
31,16,5,19.4
74,51,10,19.4
30,44.5,15,19.4
50.5,40,20,19.4
31,16,5,19.4
74,51,10,19.4
31,16,5,19.4
74,51,10,19.4
30,44.5,15,19.4
50.5,40,20,19.4
30,44.5,15,19.4
50.5,40,20,19.4
32,17,5,19.5
76,52,10,19.5
28,46,15,19.5
51,40,20,19.5
32,17,5,19.5
76,52,10,19.5
32,17,5,19.5
76,52,10,19.5
28,46,15,19.5
51,40,20,19.5
28,46,15,19.5
51,40,20,19.5
33,18,5,19.6
78,53,10,19.6
26,47.5,15,19.6
51.5,40,20,19.6
33,18,5,19.6
78,53,10,19.6
33,18,5,19.6
78,53,10,19.6
26,47.5,15,19.6
51.5,40,20,19.6
26,47.5,15,19.6
51.5,40,20,19.6
34,19,5,19.7
80,54,10,19.7
24,49,15,19.7
52,40,20,19.7
34,19,5,19.7
80,54,10,19.7
34,19,5,19.7
80,54,10,19.7
24,49,15,19.7
52,40,20,19.7
24,49,15,19.7
52,40,20,19.7
35,20,5,19.8
82,55,10,19.8
22,50.5,15,19.8
52.5,40,20,19.8
35,20,5,19.8
82,55,10,19.8
35,20,5,19.8
82,55,10,19.8
22,50.5,15,19.8
52.5,40,20,19.8
22,50.5,15,19.8
52.5,40,20,19.8
36,21,5,19.9
84,56,10,19.9
20,52,15,19.9
53,40,20,19.9
36,21,5,19.9
84,56,10,19.9
36,21,5,19.9
84,56,10,19.9
20,52,15,19.9
53,40,20,19.9
20,52,15,19.9
53,40,20,19.9
37,22,5,20
86,57,10,20
18,53.5,15,20
53.5,40,20,20
37,22,5,20
86,57,10,20
37,22,5,20
86,57,10,20
18,53.5,15,20
53.5,40,20,20
18,53.5,15,20
53.5,40,20,20
38,23,5,20.1
88,58,10,20.1
16,55,15,20.1
54,40,20,20.1
38,23,5,20.1
88,58,10,20.1
38,23,5,20.1
88,58,10,20.1
16,55,15,20.1
54,40,20,20.1
16,55,15,20.1
54,40,20,20.1
39,24,5,20.2
90,59,10,20.2
14,56.5,15,20.2
54.5,40,20,20.2
39,24,5,20.2
90,59,10,20.2
39,24,5,20.2
90,59,10,20.2
14,56.5,15,20.2
54.5,40,20,20.2
14,56.5,15,20.2
54.5,40,20,20.2
40,25,5,20.3
92,60,10,20.3
16,58,15,20.3
55,40,20,20.3
40,25,5,20.3
92,60,10,20.3
40,25,5,20.3
92,60,10,20.3
16,58,15,20.3
55,40,20,20.3
16,58,15,20.3
55,40,20,20.3
41,26,5,20.4
90,61,10,20.4
18,59.5,15,20.4
55.5,40,20,20.4
41,26,5,20.4
90,61,10,20.4
41,26,5,20.4
90,61,10,20.4
18,59.5,15,20.4
55.5,40,20,20.4
18,59.5,15,20.4
55.5,40,20,20.4
42,27,5,20.5
88,62,10,20.5
20,61,15,20.5
56,40,20,20.5
42,27,5,20.5
88,62,10,20.5
42,27,5,20.5
88,62,10,20.5
20,61,15,20.5
56,40,20,20.5
20,61,15,20.5
56,40,20,20.5
43,28,5,20.6
86,63,10,20.6
22,62.5,15,20.6
56.5,40,20,20.6
43,28,5,20.6
86,63,10,20.6
43,28,5,20.6
86,63,10,20.6
22,62.5,15,20.6
56.5,40,20,20.6
22,62.5,15,20.6
56.5,40,20,20.6
44,29,5,20.7
84,64,10,20.7
24,64,15,20.7
57,40,20,20.7
44,29,5,20.7
84,64,10,20.7
44,29,5,20.7
84,64,10,20.7
24,64,15,20.7
57,40,20,20.7
24,64,15,20.7
57,40,20,20.7
45,30,5,20.8
82,65,10,20.8
26,65.5,15,20.8
57.5,40,20,20.8
45,30,5,20.8
82,65,10,20.8
45,30,5,20.8
82,65,10,20.8
26,65.5,15,20.8
57.5,40,20,20.8
26,65.5,15,20.8
57.5,40,20,20.8
46,31,5,20.9
80,66,10,20.9
28,67,15,20.9
58,40,20,20.9
46,31,5,20.9
80,66,10,20.9
46,31,5,20.9
80,66,10,20.9
28,67,15,20.9
58,40,20,20.9
28,67,15,20.9
58,40,20,20.9
47,32,5,21
78,67,10,21
30,68.5,15,21
58.5,40,20,21
47,32,5,21
78,67,10,21
47,32,5,21
78,67,10,21
30,68.5,15,21
58.5,40,20,21
30,68.5,15,21
58.5,40,20,21
48,33,5,21.1
76,68,10,21.1
32,70,15,21.1
59,40,20,21.1
48,33,5,21.1
76,68,10,21.1
48,33,5,21.1
76,68,10,21.1
32,70,15,21.1
59,40,20,21.1
32,70,15,21.1
59,40,20,21.1
49,34,5,21.2
74,69,10,21.2
34,71.5,15,21.2
59.5,40,20,21.2
49,34,5,21.2
74,69,10,21.2
49,34,5,21.2
74,69,10,21.2
34,71.5,15,21.2
59.5,40,20,21.2
34,71.5,15,21.2
59.5,40,20,21.2
50,35,5,21.3
72,70,10,21.3
36,73,15,21.3
60,40,20,21.3
50,35,5,21.3
72,70,10,21.3
50,35,5,21.3
72,70,10,21.3
36,73,15,21.3
60,40,20,21.3
36,73,15,21.3
60,40,20,21.3
51,36,5,21.4
70,71,10,21.4
38,74.5,15,21.4
60.5,40,20,21.4
51,36,5,21.4
70,71,10,21.4
51,36,5,21.4
70,71,10,21.4
38,74.5,15,21.4
60.5,40,20,21.4
38,74.5,15,21.4
60.5,40,20,21.4
52,37,5,21.5
68,72,10,21.5
40,76,15,21.5
61,40,20,21.5
52,37,5,21.5
68,72,10,21.5
52,37,5,21.5
68,72,10,21.5
40,76,15,21.5
61,40,20,21.5
40,76,15,21.5
61,40,20,21.5
53,38,5,21.6
66,73,10,21.6
42,77.5,15,21.6
61.5,40,20,21.6
53,38,5,21.6
66,73,10,21.6
53,38,5,21.6
66,73,10,21.6
42,77.5,15,21.6
61.5,40,20,21.6
42,77.5,15,21.6
61.5,40,20,21.6
54,39,5,21.7
64,74,10,21.7
44,79,15,21.7
62,40,20,21.7
54,39,5,21.7
64,74,10,21.7
54,39,5,21.7
64,74,10,21.7
44,79,15,21.7
62,40,20,21.7
44,79,15,21.7
62,40,20,21.7
55,40,5,21.8
62,75,10,21.8
46,80.5,15,21.8
62.5,40,20,21.8
55,40,5,21.8
62,75,10,21.8
55,40,5,21.8
62,75,10,21.8
46,80.5,15,21.8
62.5,40,20,21.8
46,80.5,15,21.8
62.5,40,20,21.8
56,41,5,21.9
60,76,10,21.9
48,82,15,21.9
63,40,20,21.9
56,41,5,21.9
60,76,10,21.9
56,41,5,21.9
60,76,10,21.9
48,82,15,21.9
63,40,20,21.9
48,82,15,21.9
63,40,20,21.9
57,42,5,22
58,77,10,22
50,83.5,15,22
63.5,40,20,22
57,42,5,22
58,77,10,22
57,42,5,22
58,77,10,22
50,83.5,15,22
63.5,40,20,22
50,83.5,15,22
63.5,40,20,22
58,43,5,22.1
56,78,10,22.1
52,85,15,22.1
64,40,20,22.1
58,43,5,22.1
56,78,10,22.1
58,43,5,22.1
56,78,10,22.1
52,85,15,22.1
64,40,20,22.1
52,85,15,22.1
64,40,20,22.1
59,44,5,22.2
54,79,10,22.2
54,86.5,15,22.2
64.5,40,20,22.2
59,44,5,22.2
54,79,10,22.2
59,44,5,22.2
54,79,10,22.2
54,86.5,15,22.2
64.5,40,20,22.2
54,86.5,15,22.2
64.5,40,20,22.2
60,45,5,22.3
52,80,10,22.3
56,85,15,22.3
65,40,20,22.3
60,45,5,22.3
52,80,10,22.3
60,45,5,22.3
52,80,10,22.3
56,85,15,22.3
65,40,20,22.3
56,85,15,22.3
65,40,20,22.3
61,46,5,22.4
50,81,10,22.4
58,83.5,15,22.4
65.5,40,20,22.4
61,46,5,22.4
50,81,10,22.4
61,46,5,22.4
50,81,10,22.4
58,83.5,15,22.4
65.5,40,20,22.4
58,83.5,15,22.4
65.5,40,20,22.4
62,47,5,22.5
48,82,10,22.5
60,82,15,22.5
66,40,20,22.5
62,47,5,22.5
48,82,10,22.5
62,47,5,22.5
48,82,10,22.5
60,82,15,22.5
66,40,20,22.5
60,82,15,22.5
66,40,20,22.5
63,48,5,22.6
46,83,10,22.6
62,80.5,15,22.6
66.5,40,20,22.6
63,48,5,22.6
46,83,10,22.6
63,48,5,22.6
46,83,10,22.6
62,80.5,15,22.6
66.5,40,20,22.6
62,80.5,15,22.6
66.5,40,20,22.6
64,49,5,22.7
44,84,10,22.7
64,79,15,22.7
67,40,20,22.7
64,49,5,22.7
44,84,10,22.7
64,49,5,22.7
44,84,10,22.7
64,79,15,22.7
67,40,20,22.7
64,79,15,22.7
67,40,20,22.7
65,50,5,22.8
42,85,10,22.8
66,77.5,15,22.8
67.5,40,20,22.8
65,50,5,22.8
42,85,10,22.8
65,50,5,22.8
42,85,10,22.8
66,77.5,15,22.8
67.5,40,20,22.8
66,77.5,15,22.8
67.5,40,20,22.8
66,51,5,22.9
40,86,10,22.9
68,76,15,22.9
68,40,20,22.9
66,51,5,22.9
40,86,10,22.9
66,51,5,22.9
40,86,10,22.9
68,76,15,22.9
68,40,20,22.9
68,76,15,22.9
68,40,20,22.9
67,52,5,23
38,87,10,23
70,74.5,15,23
68.5,40,20,23
67,52,5,23
38,87,10,23
67,52,5,23
38,87,10,23
70,74.5,15,23
68.5,40,20,23
70,74.5,15,23
68.5,40,20,23
68,53,5,23.1
36,88,10,23.1
72,73,15,23.1
69,40,20,23.1
68,53,5,23.1
36,88,10,23.1
68,53,5,23.1
36,88,10,23.1
72,73,15,23.1
69,40,20,23.1
72,73,15,23.1
69,40,20,23.1
69,54,5,23.2
34,89,10,23.2
74,71.5,15,23.2
69.5,40,20,23.2
69,54,5,23.2
34,89,10,23.2
69,54,5,23.2
34,89,10,23.2
74,71.5,15,23.2
69.5,40,20,23.2
74,71.5,15,23.2
69.5,40,20,23.2
70,55,5,23.3
32,90,10,23.3
76,70,15,23.3
70,40,20,23.3
70,55,5,23.3
32,90,10,23.3
70,55,5,23.3
32,90,10,23.3
76,70,15,23.3
70,40,20,23.3
76,70,15,23.3
70,40,20,23.3
71,56,5,23.4
30,91,10,23.4
78,68.5,15,23.4
70.5,40,20,23.4
71,56,5,23.4
30,91,10,23.4
71,56,5,23.4
30,91,10,23.4
78,68.5,15,23.4
70.5,40,20,23.4
78,68.5,15,23.4
70.5,40,20,23.4
72,57,5,23.5
28,90,10,23.5
80,67,15,23.5
71,40,20,23.5
72,57,5,23.5
28,90,10,23.5
72,57,5,23.5
28,90,10,23.5
80,67,15,23.5
71,40,20,23.5
80,67,15,23.5
71,40,20,23.5
73,58,5,23.6
26,89,10,23.6
82,65.5,15,23.6
71.5,40,20,23.6
73,58,5,23.6
26,89,10,23.6
73,58,5,23.6
26,89,10,23.6
82,65.5,15,23.6
71.5,40,20,23.6
82,65.5,15,23.6
71.5,40,20,23.6
74,59,5,23.7
24,88,10,23.7
84,64,15,23.7
72,40,20,23.7
74,59,5,23.7
24,88,10,23.7
74,59,5,23.7
24,88,10,23.7
84,64,15,23.7
72,40,20,23.7
84,64,15,23.7
72,40,20,23.7
75,60,5,23.8
22,87,10,23.8
86,62.5,15,23.8
72.5,40,20,23.8
75,60,5,23.8
22,87,10,23.8
75,60,5,23.8
22,87,10,23.8
86,62.5,15,23.8
72.5,40,20,23.8
86,62.5,15,23.8
72.5,40,20,23.8
76,61,5,23.9
20,86,10,23.9
84,61,15,23.9
73,40,20,23.9
76,61,5,23.9
20,86,10,23.9
76,61,5,23.9
20,86,10,23.9
84,61,15,23.9
73,40,20,23.9
84,61,15,23.9
73,40,20,23.9
77,62,5,24
18,85,10,24
82,59.5,15,24
73.5,40,20,24
77,62,5,24
18,85,10,24
77,62,5,24
18,85,10,24
82,59.5,15,24
73.5,40,20,24
82,59.5,15,24
73.5,40,20,24
78,63,5,24.1
16,84,10,24.1
80,58,15,24.1
74,40,20,24.1
78,63,5,24.1
16,84,10,24.1
78,63,5,24.1
16,84,10,24.1
80,58,15,24.1
74,40,20,24.1
80,58,15,24.1
74,40,20,24.1
79,64,5,24.2
14,83,10,24.2
78,56.5,15,24.2
74.5,40,20,24.2
79,64,5,24.2
14,83,10,24.2
79,64,5,24.2
14,83,10,24.2
78,56.5,15,24.2
74.5,40,20,24.2
78,56.5,15,24.2
74.5,40,20,24.2
80,65,5,24.3
12,82,10,24.3
76,55,15,24.3
75,40,20,24.3
80,65,5,24.3
12,82,10,24.3
80,65,5,24.3
12,82,10,24.3
76,55,15,24.3
75,40,20,24.3
76,55,15,24.3
75,40,20,24.3
81,66,5,24.4
10,81,10,24.4
74,53.5,15,24.4
75.5,40,20,24.4
81,66,5,24.4
10,81,10,24.4
81,66,5,24.4
10,81,10,24.4
74,53.5,15,24.4
75.5,40,20,24.4
74,53.5,15,24.4
75.5,40,20,24.4
82,67,5,24.5
8,80,10,24.5
72,52,15,24.5
76,40,20,24.5
82,67,5,24.5
8,80,10,24.5
82,67,5,24.5
8,80,10,24.5
72,52,15,24.5
76,40,20,24.5
72,52,15,24.5
76,40,20,24.5
83,68,5,24.6
10,79,10,24.6
70,50.5,15,24.6
76.5,40,20,24.6
83,68,5,24.6
10,79,10,24.6
83,68,5,24.6
10,79,10,24.6
70,50.5,15,24.6
76.5,40,20,24.6
70,50.5,15,24.6
76.5,40,20,24.6
84,69,5,24.7
12,78,10,24.7
68,49,15,24.7
77,40,20,24.7
84,69,5,24.7
12,78,10,24.7
84,69,5,24.7
12,78,10,24.7
68,49,15,24.7
77,40,20,24.7
68,49,15,24.7
77,40,20,24.7
85,70,5,24.8
14,77,10,24.8
66,47.5,15,24.8
77.5,40,20,24.8
85,70,5,24.8
14,77,10,24.8
85,70,5,24.8
14,77,10,24.8
66,47.5,15,24.8
77.5,40,20,24.8
66,47.5,15,24.8
77.5,40,20,24.8
86,71,5,24.9
16,76,10,24.9
64,46,15,24.9
78,40,20,24.9
86,71,5,24.9
16,76,10,24.9
86,71,5,24.9
16,76,10,24.9
64,46,15,24.9
78,40,20,24.9
64,46,15,24.9
78,40,20,24.9
87,72,5,25
18,75,10,25
62,44.5,15,25
78.5,40,20,25
87,72,5,25
18,75,10,25
87,72,5,25
18,75,10,25
62,44.5,15,25
78.5,40,20,25
62,44.5,15,25
78.5,40,20,25
88,73,5,25.1
20,74,10,25.1
60,43,15,25.1
79,40,20,25.1
88,73,5,25.1
20,74,10,25.1
88,73,5,25.1
20,74,10,25.1
60,43,15,25.1
79,40,20,25.1
60,43,15,25.1
79,40,20,25.1
89,74,5,25.2
22,73,10,25.2
58,41.5,15,25.2
79.5,40,20,25.2
89,74,5,25.2
22,73,10,25.2
89,74,5,25.2
22,73,10,25.2
58,41.5,15,25.2
79.5,40,20,25.2
58,41.5,15,25.2
79.5,40,20,25.2
90,75,5,25.3
24,72,10,25.3
56,40,15,25.3
80,40,20,25.3
90,75,5,25.3
24,72,10,25.3
90,75,5,25.3
24,72,10,25.3
56,40,15,25.3
80,40,20,25.3
56,40,15,25.3
80,40,20,25.3
91,76,5,25.4
26,71,10,25.4
54,38.5,15,25.4
80.5,40,20,25.4
91,76,5,25.4
26,71,10,25.4
91,76,5,25.4
26,71,10,25.4
54,38.5,15,25.4
80.5,40,20,25.4
54,38.5,15,25.4
80.5,40,20,25.4
92,77,5,25.5
28,70,10,25.5
52,37,15,25.5
80,40,20,25.5
92,77,5,25.5
28,70,10,25.5
92,77,5,25.5
28,70,10,25.5
52,37,15,25.5
80,40,20,25.5
52,37,15,25.5
80,40,20,25.5
93,78,5,25.6
30,69,10,25.6
50,35.5,15,25.6
79.5,40,20,25.6
93,78,5,25.6
30,69,10,25.6
93,78,5,25.6
30,69,10,25.6
50,35.5,15,25.6
79.5,40,20,25.6
50,35.5,15,25.6
79.5,40,20,25.6
94,79,5,25.7
32,68,10,25.7
48,34,15,25.7
79,40,20,25.7
94,79,5,25.7
32,68,10,25.7
94,79,5,25.7
32,68,10,25.7
48,34,15,25.7
79,40,20,25.7
48,34,15,25.7
79,40,20,25.7
95,80,5,25.8
34,67,10,25.8
46,32.5,15,25.8
78.5,40,20,25.8
95,80,5,25.8
34,67,10,25.8
95,80,5,25.8
34,67,10,25.8
46,32.5,15,25.8
78.5,40,20,25.8
46,32.5,15,25.8
78.5,40,20,25.8
96,81,5,25.9
36,66,10,25.9
44,31,15,25.9
78,40,20,25.9
96,81,5,25.9
36,66,10,25.9
96,81,5,25.9
36,66,10,25.9
44,31,15,25.9
78,40,20,25.9
44,31,15,25.9
78,40,20,25.9
95,82,5,26
38,65,10,26
42,29.5,15,26
77.5,40,20,26
95,82,5,26
38,65,10,26
95,82,5,26
38,65,10,26
42,29.5,15,26
77.5,40,20,26
42,29.5,15,26
77.5,40,20,26
94,83,5,26.1
40,64,10,26.1
40,28,15,26.1
77,40,20,26.1
94,83,5,26.1
40,64,10,26.1
94,83,5,26.1
40,64,10,26.1
40,28,15,26.1
77,40,20,26.1
40,28,15,26.1
77,40,20,26.1
93,84,5,26.2
42,63,10,26.2
38,26.5,15,26.2
76.5,40,20,26.2
93,84,5,26.2
42,63,10,26.2
93,84,5,26.2
42,63,10,26.2
38,26.5,15,26.2
76.5,40,20,26.2
38,26.5,15,26.2
76.5,40,20,26.2
92,85,5,26.3
44,62,10,26.3
36,25,15,26.3
76,40,20,26.3
92,85,5,26.3
44,62,10,26.3
92,85,5,26.3
44,62,10,26.3
36,25,15,26.3
76,40,20,26.3
36,25,15,26.3
76,40,20,26.3
91,86,5,26.4
46,61,10,26.4
34,23.5,15,26.4
75.5,40,20,26.4
91,86,5,26.4
46,61,10,26.4
91,86,5,26.4
46,61,10,26.4
34,23.5,15,26.4
75.5,40,20,26.4
34,23.5,15,26.4
75.5,40,20,26.4
90,87,5,26.5
48,60,10,26.5
32,22,15,26.5
75,40,20,26.5
90,87,5,26.5
48,60,10,26.5
90,87,5,26.5
48,60,10,26.5
32,22,15,26.5
75,40,20,26.5
32,22,15,26.5
75,40,20,26.5
89,88,5,26.6
50,59,10,26.6
30,20.5,15,26.6
74.5,40,20,26.6
89,88,5,26.6
50,59,10,26.6
89,88,5,26.6
50,59,10,26.6
30,20.5,15,26.6
74.5,40,20,26.6
30,20.5,15,26.6
74.5,40,20,26.6
88,89,5,26.7
52,58,10,26.7
28,19,15,26.7
74,40,20,26.7
